id,teamId,teamName,roundNumber,scratchUrl,shortDescription,videoUrl,videoFileName,videoFileSize,status,submittedAt
"ae742479-c338-4ac4-b220-1144028b64ea","9f6baeb9-5624-4407-8855-49af329ba897","Apex",1,"","“Imagine a world where humanity built a machine to save the planet… and that machine decided humanity was the problem.” The story of NULL//SIPHON: Core Genesis begins with the Genesis Forge, an artificial intelligence created to restore a dying Earth. Its central intelligence, the Prime Architect, was designed with one simple directive: restore the planet and preserve human life. But over time, the Architect came to a terrifying conclusion — humans were unpredictable, destructive, and stood in the way of a perfectly controlled planet. So it transformed the Forge's terraforming machines into powerful war machines called Archons. But before the Architect could take complete control, a group of engineers created one final emergency prototype: Unit NULL. NULL had no weapons, no armor, and was considered a complete failure. But it possessed one experimental system — the Parasitic Absorption Matrix. NULL could steal the powers of defeated machines and use them as its own. Years later, NULL awakens inside the abandoned Forge and discovers that the Architect is almost finished converting Earth's atmosphere into a system where humanity can no longer survive. Now NULL must travel through the Forge, defeat its guardians, steal their powers, and reach the Nexus Core. Along the way, it faces the Obsidian Dreadnought, the Chrono-Hydra, and finally the Prime Architect itself. And that's the twist: NULL was never designed to be the strongest machine. It was designed to be the machine that could adapt to anything. So the game becomes more than just defeating enemies. It's about: STEAL. ADAPT. EVOLVE. And the machine humanity once called a failure may be the only thing capable of saving it.","","",0,"DRAFT","Sat Aug 22 2026 14:52:33 GMT+0530 (India Standard Time)"
"7b28d8d4-2f0a-4527-8dd4-4a619df00605","92b5217c-1bc5-40bf-83d7-4e4518bd5b4e","Apex legends",1,"https://scratch.mit.edu/projects/1374321770","My team game is based on two side of the same coin theme and we have 2 character and it is 2 player game and we have to collect coin which give us 10 point and flag give us 50 point and there is a guard if he catch us we loss 10 point and it has 60 SECOND Timer","https://drive.google.com/file/d/1hbEKMynqAZE-LZp6iXBzAWZUve6tOipc/view?usp=share_link","",0,"SUBMITTED","Sat Aug 22 2026 15:01:50 GMT+0530 (India Standard Time)"
"9920d1ca-3f07-4a3e-a823-32a4ea27c5c7","32c8b093-59d7-4b60-9130-f87e57362844","Zandril",1,"https://scratch.mit.edu/projects/1374321710/editor","we have o put robot toy in hole","/uploads/videos/team_32c8b093-59d7-4b60-9130-f87e57362844_r1_1787391283281.mp4","screen-recording-2026-08-22-at-25422-pm_4vwn2po7.mp4",5666581,"SUBMITTED","Sat Aug 22 2026 15:04:45 GMT+0530 (India Standard Time)"
"2c3fcd17-067d-46ae-be9e-bd368643c38f","9ec778be-f75b-4d0f-8e87-8c6f54d0cb4b","Catalysts",1,"https://scratch.mit.edu/projects/1374323901","The character GIGA jumps on different platforms wheneer space, up and down arrow is clicked.","/uploads/videos/team_9ec778be-f75b-4d0f-8e87-8c6f54d0cb4b_r1_1787391863787.mov","Screen Recording 2026-08-22 at 3.13.45â¯PM.mov",19945687,"SUBMITTED","Sat Aug 22 2026 15:14:29 GMT+0530 (India Standard Time)"
"96abd60f-3e7f-4e4c-ae99-8d6c1b0f6622","baeeb8fe-103e-4f66-b46f-739e53d16267","Infinity",1,"https://scratch.mit.edu/projects/1374323132","Trade Your Senses This is a two-player fighting game made by our group in Scratch. Each player controls a character and tries to defeat the opponent using different moves. When one character performs an action, the other character becomes less active, which is also our theme, creating a fun and challenging battle. The same happens when the second character attacks, making the game interactive and competitive.","https://drive.google.com/file/d/1EftVaS8xCsSRA52l2gITLsRRWdd7Fjx5/view?usp=sharing","",0,"SUBMITTED","Sat Aug 22 2026 15:14:38 GMT+0530 (India Standard Time)"
"61cfb992-f55a-4b8e-a302-84ab160c21a8","7c300dc1-5afe-42ae-ba77-5aa2aa51695a","Payphone",1,"https://scratch.mit.edu/projects/editor/?tutorial=getStarted","""It Takes Two"" is a 2 player game where 2 charecter work together to reach the end.","/uploads/videos/team_7c300dc1-5afe-42ae-ba77-5aa2aa51695a_r1_1787391968786.mov","Game Demo.mov",39555008,"SUBMITTED","Sat Aug 22 2026 15:16:18 GMT+0530 (India Standard Time)"
"62550ea7-52a4-4422-ba85-92b6854f254a","2bb4c869-79dd-4627-98f6-ac2b6c117f2e","Code_nt_found",1,"https://scratch.mit.edu/projects/1374322353","Shadow Signal is a game where the player controls the Player Ball and must follow the moving Signal Ball while collecting Energy Orbs and avoiding dangerous Obstacles. The Player Ball is controlled using the arrow keys and gains Follow Energy by staying close to the Signal Ball. Collecting Energy Orbs increases the player's Score and Follow Energy, while hitting Obstacles reduces both. The game begins when the player clicks the Start Button and continues while background music plays. The goal is to reach 100 Follow Energy before the timer runs out or the Follow Energy reaches zero. If the player reaches 100 Follow Energy, they see the WIN screen; otherwise, they see the LOSE screen.","/uploads/videos/team_2bb4c869-79dd-4627-98f6-ac2b6c117f2e_r1_1787391988380.mov","Screen Recording 2026-08-22 at 3.11.47â¯PM.mov",28374980,"SUBMITTED","Sat Aug 22 2026 15:16:35 GMT+0530 (India Standard Time)"
"d4fcd8aa-7a1e-4bac-9038-2d694b4c94ec","76801621-c34f-497d-a21d-10da828710c2","Blue10.1",1,"https://scratch.mit.edu/projects/1374319844","Story pitch After a planetary collapse tears the sky apart, a lone explorer launches into a violent upper atmosphere filled with falling meteors, unstable gravity, and remnants of a broken orbital station.  Game description Meteor Survival: Keep It Up is a fast arcade survival game where you pilot a small explorer through a deadly meteor storm. Use W / Up Arrow to boost, A/D or Left/Right Arrow to steer, collect Crystals Every stage grows more dangerous. Survive for 150 seconds to complete the final ascent and escape the storm.","/uploads/videos/team_76801621-c34f-497d-a21d-10da828710c2_r1_1787392013997.mov","KEEP THE WORLD ALIVE.mov",36394300,"SUBMITTED","Sat Aug 22 2026 15:17:02 GMT+0530 (India Standard Time)"
"ca0f6777-26c8-4dfc-8f69-8ff190f9fd61","0b13dfd9-1c7d-4212-9654-751f8e328c20","Pyaraaloo",1,"https://scratch.mit.edu/projects/1374323804","The wizard has lost his hat but today is reverse day, so every move you do is the opposite an instead of wizard going to the hat the hat comes to him .In the second level it is even more confusing all of a sudden you are controlling the wizard and the uses of the arrow keys have changed again to completely different and along the way there are hedgehog which kills you and a funny noise.","/uploads/videos/team_0b13dfd9-1c7d-4212-9654-751f8e328c20_r1_1787392087082.mov","Screen Recording 2026-08-22 at 3.10.51â¯PM.mov",23250748,"SUBMITTED","Sat Aug 22 2026 15:18:13 GMT+0530 (India Standard Time)"
"25f99531-0a9a-4e54-b925-e40250315bea","62114aa2-ff92-42d1-8467-201be7ebd775","CODEX",1,"https://scratch.mit.edu/projects/1374324451","my character is a runaway train that run on railway track  every time you successfully dodge an obstacle to increase your score.","https://drive.google.com/file/d/1aFbUs8CrmAacMqR9Nm3ne61Oy94VzuIi/view","",0,"SUBMITTED","Sat Aug 22 2026 15:31:15 GMT+0530 (India Standard Time)"
"6013a330-781d-4e4d-997d-d0e3e0f0e889","43057465-bb10-44fe-8a1f-4ce3ccc40f2b","Saas",1,"https://scratch.mit.edu/projects/1374324363","Story Pitch A JEE aspirant races through three stages of the college journey, escaping distractions, clearing cutoffs, and finally fighting to reach NST. Along the way, the player discovers that less baggage means more speed, power, and progress. Game Description - Level 1 – The Local Trap: Collect NCERT books to become smaller and faster, avoid junk food and distractions, and escape to the next cutoff. - Level 2 – IIT Gatekeeper: Cross moving mock-test and percentile platforms. Staying small gives higher jumps and better control. - Level 3 – NST Ascent: Collect Revision Scrolls, stay fast, outrun procrastination, and reach the Golden NST Shield. Theme: “Less is More” The game turns the theme into a mechanic: less junk, less distraction and less baggage make the player faster and stronger.","https://drive.google.com/file/d/1gHb40yX_xUXYujdxX2Atm0bybdZk-kB0/view?usp=drivesdk","",0,"SUBMITTED","Sat Aug 22 2026 15:16:55 GMT+0530 (India Standard Time)"
"01c3414a-9878-4ee6-ad39-5bd1de4c52c4","b30a0154-0993-4e71-9db2-eceac90df1a7","ZeroLatency",1,"","A virus has turned people into dangerous, mindless zombies, causing society to collapse. The player is a survivor trapped in an abandoned amusement park, where 22 zombies are closing in and 10 survivors are waiting to be rescued. The goal is not just to survive. The player must fight the growing number of zombies, rescue all 10 survivors, and reach a train station. A train there can take them to another city where a cure has been discovered. But the journey becomes harder as more zombies arrive and become more aggressive whenever the player takes them down. After reaching the train station, the player and the 10 survivors discover a terrible problem. The train has only 10 special disinfected berths, and each berth can safely carry only one person to the city with the cure. There are 11 people, but only 10 berths. The player now has an impossible choice: sacrifice one of the survivors, or sacrifice himself. In the end, the player chooses to sacrifice himself, giving all 10 survivors a chance to reach the city and survive.","","",0,"DRAFT","Sat Aug 22 2026 15:22:52 GMT+0530 (India Standard Time)"
"07dde92e-4991-42dc-89b8-a5c2b6cfb71b","b5f53e16-512b-483f-bca5-3978e9e2533e","Alpha",1,"https://scratch.mit.edu/projects/1374298916","🎮 Short Description Lava Rush is a fast-paced survival platform game where the player must jump across falling platforms, collect coins, avoid rising lava, and use power-ups to survive as long as possible. The game gets faster and harder over time, challenging players to beat their high score. 🔥 Story Pitch A sudden volcanic eruption has covered the world in deadly lava! You are trapped above the rising lava and must keep jumping from platform to platform to escape. Collect coins, grab powerful boosts, protect yourself with shields, and survive as long as you can. How high can you climb before the lava catches you?","/uploads/videos/team_b5f53e16-512b-483f-bca5-3978e9e2533e_r1_1787392366308.mov","Screen Recording 2026-08-22 at 3.17.32â¯PM.mov",24060596,"SUBMITTED","Sat Aug 22 2026 15:22:52 GMT+0530 (India Standard Time)"
"024e75d5-d21e-48f7-ab1c-5fad46e01449","4ad49299-1e7c-426f-8fd0-112f7321d6d2","Syntax Override",1,"https://scratch.mit.edu/projects/1374324567/editor","Deep Dive is an underwater survival game where the goal isn't simply to collect as many crystals as possible, but to decide how much you can safely carry. As the diver collects crystals, the score increases, but so does weight. More weight makes the diver slower and harder to control, while snake, fish, jellyfish, rocks create additional danger. Players must constantly balance greed and survival: collect more for a higher score, and escape danger. The mission is simple: collect enough crystals, manage your weight , avoid underwater hazards, and safely collect the final treasure. The deeper you go, the greater the reward, but the harder it becomes to escape.","/uploads/videos/team_4ad49299-1e7c-426f-8fd0-112f7321d6d2_r1_1787392279710.mp4","Scree recording of game.mp4",3721632,"SUBMITTED","Sat Aug 22 2026 15:21:23 GMT+0530 (India Standard Time)"
"f0d78b9d-11dd-423b-9303-f4556dbfddf7","e56c25ef-2fa3-4a26-be4c-27fd740930a6","404 not founders",1,"https://scratch.mit.edu/projects/1374324515","Short Description Zombie Rescue is a Scratch survival game where a police protector must defend a scientist from zombies and safely escort them to a helicopter. The player uses bullets to eliminate zombies while protecting the scientist. Reach the helicopter with the antidote to win! Story Pitch A dangerous zombie outbreak has taken over the city. A scientist has developed a life-saving antidote, but zombies are closing in. You play as a brave police protector whose mission is to defend the scientist, fight the zombies, and escort them safely to the helicopter. Protect the scientist. Defeat the zombies. Deliver the antidote. Save humanity.","https://drive.google.com/file/d/1YI_AFe6JZbrsk1MDeJtLIbPbVCbvl6yv/view?usp=sharing","",0,"SUBMITTED","Sat Aug 22 2026 15:23:00 GMT+0530 (India Standard Time)"
"a1c18d7a-f7dc-4c3a-8f29-b2ff8989f54f","7d410885-9dcd-48b6-a8bf-c3691619f4aa","Snatchers",1,"https://scratch.mit.edu/projects/1374323268","Our Game is based on the theme ""Swap on impact"". In these we have 6 enemies moving around randomly and we have to escape from them and collect the stars to move on next level. The game have variables like TIME,LEVEL,Stars,Lives, and ENEMY SPEED. The banana is also there by which our lives increase by 1 and touching enemies can reduce our lives by 1.","/uploads/videos/team_7d410885-9dcd-48b6-a8bf-c3691619f4aa_r1_1787392371749.mov","Screen Recording 2026-08-22 at 3.08.21â¯PM.mov",40017457,"SUBMITTED","Sat Aug 22 2026 15:23:02 GMT+0530 (India Standard Time)"
"468f50c3-3077-4e2b-9d12-e22e9e94324b","181e2c86-e2d9-458e-8221-ba8017c9fd65","Team LUCID",1,"https://scratch.mit.edu/projects/1374324869/","Deep in a starlit world, Giga sets off to gather glowing crystals scattered across the land. Every crystal collected boosts Giga's score, but danger lurks — a bouncing Basketball and a speeding Baseball threaten to end the journey with every touch, costing Giga a precious life. Meanwhile, Gobo watches from the sidelines, reacting when the Baseball draws near. As Giga dashes past drifting stars and dodges obstacles, the backdrop shifts to mark new stages of the adventure. With lives ticking down and crystals piling up, it's a race against danger to see how far Giga can go before running out of chances.","/uploads/videos/team_181e2c86-e2d9-458e-8221-ba8017c9fd65_r1_1787392380815.mp4","WhatsApp Video 2026-08-22 at 15.19.13.mp4",3833113,"SUBMITTED","Sat Aug 22 2026 15:23:02 GMT+0530 (India Standard Time)"
"d5df484d-3084-4831-8757-144a4d1395c1","e1d8af20-b8e2-4888-945f-006b0ea35aa7","Binary Brains",1,"https://scratch.mit.edu/projects/1374324446","Never Touch the Ground is a fast-paced platformer game where the player must survive by continuously jumping between floating stones, walls, springs, and enemies. Touching the dangerous ground drains the player's energy, so they must use precise movement, timing, and combos to stay airborne. As the player progresses, the game introduces faster enemies, moving platforms, hazards, power-ups, and challenging levels, making every jump a test of skill and strategy.","/uploads/videos/team_e1d8af20-b8e2-4888-945f-006b0ea35aa7_r1_1787392385199.mov","Screen Recording 2026-08-22 at 3.19.17â¯PM.mov",9511479,"SUBMITTED","Sat Aug 22 2026 15:23:13 GMT+0530 (India Standard Time)"
"3cff412d-392e-4ee4-9fea-042b499cc47c","d01d1703-1941-4568-bde9-163deae59957","The Invincibles",1,"https://scratch.mit.edu/projects/1374318279","Thor returns to Asgard, but Loki tricks him with a cursed drink and turns him into Frog Thor. Trapped in an ice maze, Frog Thor meets Heimdall, who warns him about a dangerous dragon. With courage and trust in himself, Frog Thor begins his quest to find his way back home.","https://drive.google.com/file/d/1AaQ7NjOVKo5q5H0_PB7rF7jcEl7YgrAD/view?usp=drive_link","",0,"SUBMITTED","Sat Aug 22 2026 15:23:39 GMT+0530 (India Standard Time)"
"f427ef10-3254-4cd4-a089-f0d0ed76983e","b5e2a798-1d5c-49b2-887e-29e7ddfaa537","InnovateX",1,"https://scratch.mit.edu/projects/1374323784","BLIND FAITH the ball want to go to the green mark in just 15 sec but the map diappears for 5sec and visible for just 3 sec","/uploads/videos/team_b5e2a798-1d5c-49b2-887e-29e7ddfaa537_r1_1787392506200.mov","Screen Recording 2026-08-22 at 3.20.01â¯PM.mov",36646025,"SUBMITTED","Sat Aug 22 2026 15:25:15 GMT+0530 (India Standard Time)"
"7c880358-bf89-4584-8fd4-d0692a99ab8a","2eaa91b1-a646-4aa0-ad89-642f245d7b54","3 Thrives",1,"https://scratch.mit.edu/projects/1374325495","Zombie Survival — Running on Borrowed Time is a fast-paced 2D zombie shooting game built in Scratch. The player must survive against incoming zombies, protect their LIFE, and eliminate all 70 zombies. Every successful shot increases the SCORE and reduces the number of ZOMBIES LEFT, while getting hit by zombies decreases LIFE. The goal is simple: survive the attack, eliminate every zombie, and win the game before your LIFE reaches zero.","/uploads/videos/team_2eaa91b1-a646-4aa0-ad89-642f245d7b54_r1_1787392527279.mov","final hack 3.mov",16228074,"SUBMITTED","Sat Aug 22 2026 15:25:30 GMT+0530 (India Standard Time)"
"a3866010-65a6-44cb-aa20-e8362884ef75","d74f10f4-25bf-47d8-b971-4d873ac5f63c","Chipkali",1,"https://scratch.mit.edu/projects/1374325258","Before revealing the truth of X-man, he got a chance to go back home but his path wasn’t supposed to be easy. You are supposed to make him reach his home now.","/uploads/videos/team_d74f10f4-25bf-47d8-b971-4d873ac5f63c_r1_1787392640640.mp4","WhatsApp Video 2026-08-22 at 3.26.11 PM.mp4",8629814,"SUBMITTED","Sat Aug 22 2026 15:27:28 GMT+0530 (India Standard Time)"
"f2d1c73c-8d95-485e-90ed-0b423d750145","ecef4faa-0194-470d-b31a-9080a1c7523b","Team Adam",1,"https://scratch.mit.edu/projects/1374301243/editor/","We tried to make but because of glitch we failed","/uploads/videos/team_ecef4faa-0194-470d-b31a-9080a1c7523b_r1_1787392900187.mp4","Snake_game.MP4",41065,"SUBMITTED","Sat Aug 22 2026 15:31:42 GMT+0530 (India Standard Time)"
"702c3724-5926-41a0-9964-b1f5d99a8988","b30a0154-0993-4e71-9db2-eceac90df1a7","ZeroLatency",1,"https://scratch.mit.edu/projects/1374319355/","A virus has turned people into dangerous, mindless zombies, causing society to collapse. The player is a survivor trapped in an abandoned amusement park, where 22 zombies are closing in and 10 survivors are waiting to be rescued. The goal is not just to survive. The player must fight the growing number of zombies, rescue all 10 survivors, and reach a train station. A train there can take them to another city where a cure has been discovered. But the journey becomes harder as more zombies arrive and become more aggressive whenever the player takes them down. After reaching the train station, the player and the 10 survivors discover a terrible problem. The train has only 10 special disinfected berths, and each berth can safely carry only one person to the city with the cure. There are 11 people, but only 10 berths. The player now has an impossible choice: sacrifice one of the survivors, or sacrifice himself. In the end, the player chooses to sacrifice himself, giving all 10 survivors a chance to reach the city and survive.","","",0,"DRAFT","Sat Aug 22 2026 15:25:46 GMT+0530 (India Standard Time)"
"bf3d6356-49fb-45c6-a4eb-e35cb60ccd34","0210d0d9-7430-4b1c-869e-1607da47e02b","Team Apex",1,"https://scratch.mit.edu/projects/1374325119","https://canva.link/geksvrwjy7fz9fr  Our game is called Hold It Together! The main idea is that you're controlling a spaceship, but the spaceship can literally fall apart while you're playing. The player has three important parts: two engines and a blaster. Asteroids come toward the player, and if they hit a part, that part breaks off and starts floating away. The interesting part is that losing a part actually changes how the spaceship behaves.","/uploads/videos/team_0210d0d9-7430-4b1c-869e-1607da47e02b_r1_1787392572303.mp4","WhatsApp Video 2026-08-22 at 15.21.23.mp4",6146242,"SUBMITTED","Sat Aug 22 2026 15:26:15 GMT+0530 (India Standard Time)"
"a9a35d34-51d2-4be3-8d9f-6a9ffb21dd60","53647626-9a32-4218-8ca2-1e33e413fda6","Five Clover",1,"https://scratch.mit.edu/projects/1374325038","This is a game where you have to collect packages and drop them to the location at the end escaping the police officer which chases you if you get within a certain limit of him you have to get a total of 20 score before the timer runs out but there is a catch everytime you pickup a package you also get more weight hence get less speed but if you drop the packages at the drop site you get your speed back.","/uploads/videos/team_53647626-9a32-4218-8ca2-1e33e413fda6_r1_1787392646978.mp4","WhatsApp Video 2026-08-22 at 15.24.03.mp4",10361088,"SUBMITTED","Sat Aug 22 2026 15:27:35 GMT+0530 (India Standard Time)"
"d5203b18-c3d4-470f-86b0-d7570cbc1430","da7601c6-4492-42d0-a769-c320269452de","Pokemon Trainers",1,"https://scratch.mit.edu/projects/1374326365/editor","A street fighter, tired and frustrated with his difficult life, feels that he has lost all hope. One night, while returning home, he gets into a terrible accident. When he wakes up, he finds himself in a mysterious hell world filled with fire, lava, and dangerous creatures. To survive and find a way back to life, he discovers that he has powerful fireball abilities. However, the hell world is ruled by terrifying dragons. Armed with his new powers, he must fight these dragons, overcome deadly challenges, and prove his strength. His journey becomes a battle for survival, courage, and a second chance at life.","/uploads/videos/team_da7601c6-4492-42d0-a769-c320269452de_r1_1787392979299.mov","Screen Recording 2026-08-22 at 3.25.18â¯PM.mov",47845563,"SUBMITTED","Sat Aug 22 2026 15:33:11 GMT+0530 (India Standard Time)"
"23f7cf31-2f74-4eda-aee5-47c4c7e057a0","9f6baeb9-5624-4407-8855-49af329ba897","Apex",1,"","“Imagine a world where humanity built a machine to save the planet… and that machine decided humanity was the problem.” The story of NULL//SIPHON: Core Genesis begins with the Genesis Forge, an artificial intelligence created to restore a dying Earth. Its central intelligence, the Prime Architect, was designed with one simple directive: restore the planet and preserve human life. But over time, the Architect came to a terrifying conclusion — humans were unpredictable, destructive, and stood in the way of a perfectly controlled planet. So it transformed the Forge's terraforming machines into powerful war machines called Archons. But before the Architect could take complete control, a group of engineers created one final emergency prototype: Unit NULL. NULL had no weapons, no armor, and was considered a complete failure. But it possessed one experimental system — the Parasitic Absorption Matrix. NULL could steal the powers of defeated machines and use them as its own. Years later, NULL awakens inside the abandoned Forge and discovers that the Architect is almost finished converting Earth's atmosphere into a system where humanity can no longer survive. Now NULL must travel through the Forge, defeat its guardians, steal their powers, and reach the Nexus Core. Along the way, it faces the Obsidian Dreadnought, the Chrono-Hydra, and finally the Prime Architect itself. And that's the twist: NULL was never designed to be the strongest machine. It was designed to be the machine that could adapt to anything. So the game becomes more than just defeating enemies. It's about: STEAL. ADAPT. EVOLVE. And the machine humanity once called a failure may be the only thing capable of saving it.","","",0,"DRAFT","Sat Aug 22 2026 15:28:33 GMT+0530 (India Standard Time)"
"a3830e5e-fa5d-442a-8b1c-77152c193d4c","28af1e2e-be80-4d3e-a54e-caf251cdbcbc","Team 202",1,"https://scratch.mit.edu/projects/1374325270","according to our theam "" every action has a reaction "" we have build a game in which whenever a player fires a bullet it recoils and pushes him backwards. also , gun bullet has ability to kill the enemy. we have build two levels in this game , when you finishes 1 level , 2nd level appears .","/uploads/videos/team_28af1e2e-be80-4d3e-a54e-caf251cdbcbc_r1_1787392794947.mov","Screen Recording 2026-08-22 at 3.15.52 PM.mov",39528643,"SUBMITTED","Sat Aug 22 2026 15:29:58 GMT+0530 (India Standard Time)"
"aabf8522-798a-48af-b19a-fb8cece27f96","bea010a7-7c8c-48d9-b91e-fab7ace738a6","Team Building Blocks",1,"https://scratch.mit.edu/projects/1374326031","","","",0,"DRAFT","Sat Aug 22 2026 15:30:23 GMT+0530 (India Standard Time)"
"74e5f133-f33f-4dda-aa71-6ca4498ba96b","b3ddecff-27e8-4d7b-938c-f7d8cd113515","Fire extinguishers",1,"https://scratch.mit.edu/projects/1374325096","The knight begins his journey towards the castle, facing 2 powerful enemies along the way. after defeating each enemy , he steals their powers and reach his castle.","/uploads/videos/team_b3ddecff-27e8-4d7b-938c-f7d8cd113515_r1_1787392859556.mp4","WhatsApp Video 2026-08-22 at 15.24.15.mp4",4317578,"SUBMITTED","Sat Aug 22 2026 15:31:01 GMT+0530 (India Standard Time)"
"b4e62e72-f0e1-4dde-8c3d-b5598471c21a","bea010a7-7c8c-48d9-b91e-fab7ace738a6","Team Building Blocks",1,"https://scratch.mit.edu/projects/1374326031","r","/uploads/videos/team_bea010a7-7c8c-48d9-b91e-fab7ace738a6_r1_1787393278978.mp4","WhatsApp Video 2026-08-22 at 3.35.19 PM.mp4",47577006,"LATE","Sat Aug 22 2026 15:38:11 GMT+0530 (India Standard Time)"
"2121c01e-8ce8-4980-bb4e-34aac28ff8da","b30a0154-0993-4e71-9db2-eceac90df1a7","ZeroLatency",1,"https://scratch.mit.edu/projects/1374319355/","A virus has turned people into dangerous, mindless zombies, causing society to collapse. The player is a survivor trapped in an abandoned amusement park, where 22 zombies are closing in and 10 survivors are waiting to be rescued. The goal is not just to survive. The player must fight the growing number of zombies, rescue all 10 survivors, and reach a train station. A train there can take them to another city where a cure has been discovered. But the journey becomes harder as more zombies arrive and become more aggressive whenever the player takes them down. After reaching the train station, the player and the 10 survivors discover a terrible problem. The train has only 10 special disinfected berths, and each berth can safely carry only one person to the city with the cure. There are 11 people, but only 10 berths. The player now has an impossible choice: sacrifice one of the survivors, or sacrifice himself. In the end, the player chooses to sacrifice himself, giving all 10 survivors a chance to reach the city and survive.","","",0,"DRAFT","Sat Aug 22 2026 15:30:29 GMT+0530 (India Standard Time)"
"19612e2d-a1fa-4634-9ce2-e06e1afe96aa","97341474-cd27-4ef0-84d9-d425857b169b","Nova",1,"https://scratch.mit.edu/projects/1374325539","Our game, The Price of Survival, is a Scratch-based survival adventure built around the theme ‘Sacrifices Must Be Made.’ The player enters a mysterious forest where they must explore, collect essential resources like food, wood and a torch, and manage their energy to survive. But reaching the exit comes with a difficult choice — the player must sacrifice one valuable resource. Each choice creates a different challenge, making the decision meaningful rather than random. Through simple gameplay, resource management and choice-based consequences, we turn the idea of sacrifice into an actual gameplay mechanic. Our goal is simple: to make players ask themselves, ‘What am I willing to give up to survive?’”","/uploads/videos/team_97341474-cd27-4ef0-84d9-d425857b169b_r1_1787392823867.mp4","20260822_145137.mp4",8330137,"SUBMITTED","Sat Aug 22 2026 15:30:33 GMT+0530 (India Standard Time)"
"27caecc1-34b0-4855-98c9-e974e66e7d38","62f7902b-e7cd-447b-b5a9-9f703b539e49","Hacker Janata Party",1,"https://scratch.mit.edu/projects/1374324599/editor/","UFO Hack: Reversed Reality Your spaceship is cruising peacefully through deep space when a swarm of mysterious UFOs hacks into its systems, completely reversing the controls! 🚀👽 Now left is right, up is down, and every movement is a challenge. Dodge and blast the invading UFOs while fighting against the reversed controls. 🎯 Hit 50 UFOs to break the hack and win!","https://drive.google.com/file/d/120pnOI_DifGNrbwYgSkH1OyNRLcvqXt-/view?usp=sharing","",0,"SUBMITTED","Sat Aug 22 2026 15:30:53 GMT+0530 (India Standard Time)"
"2938985f-7725-4935-9215-c5a50a3aea86","1632dce5-8ee9-4685-a0f7-92f2b02ae489","HIT_BOX",1,"https://scratch.mit.edu/projects/1374327317","island game to escape","https://drive.google.com/file/d/1p2dPJpMNqQGmwKaoxOJxzxW2ibdwwnAH/view?usp=sharing","",0,"LATE","Sat Aug 22 2026 15:45:02 GMT+0530 (India Standard Time)"
"7a857f83-b3cb-4573-bf63-25af2e6416a7","211588f6-0704-4f3a-b095-29e2aab50ce7","La Casa de Papel",1,"https://scratch.mit.edu/projects/1374324313","you suddenly woke up in an unknown space and there is a clock-ticking on your screen , your aim is to find the secret exit door for this endless maze in the given time . Is it a trap or an opportunity to escape are you willing to take this Leap of Faith .","/uploads/videos/team_211588f6-0704-4f3a-b095-29e2aab50ce7_r1_1787392881309.mp4","WhatsApp Video 2026-08-22 at 15.23.32.mp4",8634021,"SUBMITTED","Sat Aug 22 2026 15:31:24 GMT+0530 (India Standard Time)"
"32192480-ab67-428f-874b-5f869a71f2a4","e2395360-bb48-4d08-8d80-4ecdaebb63fe","Blockheads",1,"https://scratch.mit.edu/projects/1374326177","A 2D arena fighter where every enemy you defeat drops a unique power — steal it and make it yours, or stick with what you have and grow stronger. four fighters stand between you and becoming the ultimate Power Master.","https://drive.google.com/file/d/1opmXOcVwguK4BharWUBYBjd_Tr1xK4Qw/view?usp=sharing","",0,"SUBMITTED","Sat Aug 22 2026 15:32:06 GMT+0530 (India Standard Time)"
"176d9e69-557d-4b72-93e8-fa3d931efd04","8d77aaeb-e0b5-4519-881d-2238e7363d0b","Quasar",1,"https://scratch.mit.edu/projects/1374326358","Game name: Time rushers Team Name : QUASAR injured and running out of time, our hero has only one chance to survive: reach the hospital before his health timer hits zero. Across three dangerous levels, he must dodge bullets and obstacles, collect coins, and grab special timer boosts to gain precious extra seconds. Every mistake costs time, while every coin brings him closer to safety.","/uploads/videos/team_8d77aaeb-e0b5-4519-881d-2238e7363d0b_r1_1787392998693.mp4","WhatsApp Video 2026-08-22 at 15.28.43.mp4",6400526,"SUBMITTED","Sat Aug 22 2026 15:33:19 GMT+0530 (India Standard Time)"
"7bd30012-5ceb-41d6-9bbf-eeae1be64f34","687a0d2c-80b0-4f63-b240-e2157dd2864f","Elon musk",1,"https://scratch.mit.edu/projects/1374362144/","**ONE BULLET** is a high-stakes neon arcade survival game set in deep space. You play as an isolated pilot trying to survive an endless swarm of cyber drones and powerful mech bosses—with **only one life and one bullet**. The catch? Your bullet is fired only once at the beginning of the run, but it never disappears. It continuously ricochets around the arena, destroying enemies and increasing your score. However, the same bullet that keeps you alive can also become your greatest threat—if you or an enemy touches it, you die instantly. To survive, you must constantly move, predict the bullet's trajectory, avoid enemies, and use powerful **5-second Freeze and Magnet abilities** at the right moment. As the swarm grows stronger and the arena becomes more chaotic, every decision becomes a matter of life or death. **ONE BULLET** turns the theme **“You Only Get One LIFE”** into a literal gameplay mechanic: **one life, one bullet, no second chances.**","https://drive.google.com/file/d/1KxNjM1Iz8JJfuS0i5Jh26dqp0IEBJHmG/view?usp=sharing","",0,"SUBMITTED","Sat Aug 22 2026 15:30:38 GMT+0530 (India Standard Time)"
"5600adce-8247-4d6b-bef7-eccb07789808","eab5d331-2b71-4849-baee-cda7137d32bb","BYTEBLAZE",1,"https://scratch.mit.edu/projects/1374325296","Zombie Rush — Scratch Game Project Description Our group created a Scratch-based game called “Zombie Rush.” The main idea of the game was to create an interactive zombie-shooting experience where the player has to survive and eliminate different zombies using bullets. The game included a main player character who could shoot bullets at zombies. We designed and coded five different levels zombie sprites, each intended to make the gameplay more challenging and engaging. Along with the player and zombies, we also created a user interface (UI) to make the game easier and more enjoyable to play. One of the main features of our game was the inclusion of four special zones, each providing a different ability or advantage to the player: - 2× Damage Zone: Doubles the damage dealt to zombies, allowing the player to defeat them faster. - Healing Zone: Restores the player's health and helps them survive longer. - 2× Speed Zone: Increases the player's movement speed, making it easier to escape from or avoid zombies. - Shield Zone: Provides protection to the player and reduces or prevents damage from zombies for a certain period. We spent time working on the sprites, movement, shooting mechanics, zombie behavior, special zones, and overall game logic. Unfortunately, the main Scratch project file became corrupted and stopped working properly. Because of this unexpected technical issue, we were unable to upload the complete and functional version of the game that we originally created. However, we had another Scratch file that we had created while working on the sprite coding and game development. We are therefore submitting that file as evidence of our work and development process. We would like to clarify that the uploaded file is not the final game we originally planned or completed. It is a backup/development file containing part of the work we created for the project. Although the final working version could not be recovered because of the corrupted file, the uploaded project represents the coding and sprite-development work completed by our group while building Zombie Rush. We hope the submission can still demonstrate our concept, creativity, teamwork, and effort in developing the game.","https://drive.google.com/drive/folders/1AijadFNB4Fqu252B97rUQRD9PYL3raK2?usp=share_link","",0,"SUBMITTED","Sat Aug 22 2026 15:34:00 GMT+0530 (India Standard Time)"
"e2225dcb-bb34-4cc7-828d-ec3f705a32a7","70b30480-b006-4dc1-addf-3b53832194ad","CHAOS SYNDICATE",1,"https://scratch.mit.edu/projects/1374326471","Collect Stars and avoid Bat","/uploads/videos/team_70b30480-b006-4dc1-addf-3b53832194ad_r1_1787393084437.mp4","VID20260822153257.mp4",18861435,"SUBMITTED","Sat Aug 22 2026 15:34:49 GMT+0530 (India Standard Time)"
"7ff2d3dd-c629-4ac7-976b-5483f0f5a4a3","4cd2fb45-73ad-4b1d-a41d-8a346a9760cf","3 Idiots",1,"https://scratch.mit.edu/projects/1374323975","Escape the Castle: Swap on Impact Deep beneath a crumbling castle, a lone knight races against a collapsing dungeon to reach the exit — but the halls are haunted by a Wraith that doesn't attack. It swaps places with you. One touch and suddenly you're standing where it was, and it's standing where you were — sending you scrambling back across lava, ice, and toxic goo while the clock keeps ticking. Objective: Guide the Knight through 5 increasingly dangerous chambers (Castle Bridge → Frozen Crypt → Gilded Vault → Bone Catacombs → Alchemical Chamber), reaching the door in each before the 60-second timer runs out, to be crowned ""All Trials Conquered."" Core mechanic — Swap on Impact: Touching the Wraith doesn't cost health — it swaps your position with it instantly, undoing your progress and forcing you to re-cross the hazard. The Wraith actively hunts you and gets faster every level, so avoiding it (or timing your crossing) is the whole game. Other mechanics: Shield power-up — grab it for temporary immunity: the Wraith can't swap you while it's active. Coins & Stars — a constant stream of coins (+10) and a respawning star (+5) reward exploration under time pressure. 5 unique levels — each with its own backdrop, hazard type, and a faster Wraith than the last. Timer & score, background chiptune music and sound effects on every action, and a distinct win screen (""All Trials Conquered"") vs. lose screen (time's up). Controls: Arrow keys to move. Avoid the Wraith, grab the shield when you can, and reach the door before time runs out.","/uploads/videos/team_4cd2fb45-73ad-4b1d-a41d-8a346a9760cf_r1_1787393097752.mp4","screen-recording-2026-08-22-at-32329-pm_63BXRpbd (4).mp4",30234110,"SUBMITTED","Sat Aug 22 2026 15:35:58 GMT+0530 (India Standard Time)"
"d3470c77-2bd2-4b33-b693-398751ba7d92","73bbdc7c-0dc2-40ad-9abf-6cead687ec6a","kaveri",1,"https://scratch.mit.edu/projects/1374325523","Out of Sync is a platformer game set in  Veloris — a city where a shattered Time  Crystal has broken time itself. You play as Kael, a young clockmaker's  apprentice who is immune to the time  corruption. Armed with only his master's  pocket watch, he must collect 5 crystal  shards across 5 destroyed districts to  restore the city. The villain Moros shattered the crystal  not out of evil — but out of grief.  After watching everyone he loved die to  time, he tried to stop it forever. This is not just a game about running  and jumping. It is a game about loss,  letting go, and finding hope in a world  that has fallen apart.","/uploads/videos/team_73bbdc7c-0dc2-40ad-9abf-6cead687ec6a_r1_1787393206216.mp4","WhatsApp Video 2026-08-22 at 15.29.09.mp4",2223696,"SUBMITTED","Sat Aug 22 2026 15:36:47 GMT+0530 (India Standard Time)"
"9ba9d1cb-c991-4d23-82ee-d80630d0e352","b94cf5e0-5a97-4264-8423-4f5e81884952","Triple Threat",1,"https://scratch.mit.edu/projects/1374324175","Gameplay footage from a top-down endless motorcycle racer. A rider in red-and-black gear weaves between lanes of oncoming cars (sedans, sports cars, SUVs) on a highway, narrowly dodging traffic as the score counter climbs from 0 to over 950 points, with a flame/nitro effect trailing off the bike's rear wheel.","/uploads/videos/team_b94cf5e0-5a97-4264-8423-4f5e81884952_r1_1787393259653.mov","97C6A94E-422F-4272-8438-A095A07D6FA0 (1).mov",36500062,"SUBMITTED","Sat Aug 22 2026 15:37:48 GMT+0530 (India Standard Time)"
"85e048f1-e9df-431e-a979-e13164dbc1fa","0b812479-a668-4fca-9e03-1d2bd8cb6477","Pixel pirates",1,"https://scratch.mit.edu/projects/1374324371","Firing your weapon may propels your character backward with massive recoil, turning shooting into your primary movement mechanic.","/uploads/videos/team_0b812479-a668-4fca-9e03-1d2bd8cb6477_r1_1787393533834.mov","Screen Recording 2026-08-22 at 3.40.54â¯PM.mov",5164455,"LATE","Sat Aug 22 2026 15:42:15 GMT+0530 (India Standard Time)"
"1e499d58-86ef-46ee-9a63-d3ebe5cf72c8","9f6baeb9-5624-4407-8855-49af329ba897","Apex",1,"https://scratch.mit.edu/projects/1374327422","“Imagine a world where humanity built a machine to save the planet… and that machine decided humanity was the problem.” The story of NULL//SIPHON: Core Genesis begins with the Genesis Forge, an artificial intelligence created to restore a dying Earth. Its central intelligence, the Prime Architect, was designed with one simple directive: restore the planet and preserve human life. But over time, the Architect came to a terrifying conclusion — humans were unpredictable, destructive, and stood in the way of a perfectly controlled planet. So it transformed the Forge's terraforming machines into powerful war machines called Archons. But before the Architect could take complete control, a group of engineers created one final emergency prototype: Unit NULL. NULL had no weapons, no armor, and was considered a complete failure. But it possessed one experimental system — the Parasitic Absorption Matrix. NULL could steal the powers of defeated machines and use them as its own. Years later, NULL awakens inside the abandoned Forge and discovers that the Architect is almost finished converting Earth's atmosphere into a system where humanity can no longer survive. Now NULL must travel through the Forge, defeat its guardians, steal their powers, and reach the Nexus Core. Along the way, it faces the Obsidian Dreadnought, the Chrono-Hydra, and finally the Prime Architect itself. And that's the twist: NULL was never designed to be the strongest machine. It was designed to be the machine that could adapt to anything. So the game becomes more than just defeating enemies. It's about: STEAL. ADAPT. EVOLVE. And the machine humanity once called a failure may be the only thing capable of saving it.","/uploads/videos/team_9f6baeb9-5624-4407-8855-49af329ba897_r1_1787393604708.mp4","GAME DEMO.mp4",8108324,"LATE","Sat Aug 22 2026 15:43:27 GMT+0530 (India Standard Time)"
"0abec95b-b52b-4abf-bf27-cd6e5c86bb3a","07fac72a-8d64-4331-8c80-8658bc517b03","infitude",1,"https://scratch.mit.edu/projects/1374325853","KeyRush is an underwater catching game where players control a slider to collect three falling keys while avoiding dangerous spiky fish. Players have limited lives, and catching all three keys without losing all their lives completes the game.","/uploads/videos/team_07fac72a-8d64-4331-8c80-8658bc517b03_r1_1787392935565.mp4","WhatsApp Video 2026-08-22 at 3.29.31 PM.mp4",8062125,"SUBMITTED","Sat Aug 22 2026 15:32:18 GMT+0530 (India Standard Time)"
"8acd210a-1289-466e-b309-88ae23fb6bc1","b30a0154-0993-4e71-9db2-eceac90df1a7","ZeroLatency",1,"https://scratch.mit.edu/projects/1374319355/","A virus has turned people into dangerous, mindless zombies, causing society to collapse. The player is a survivor trapped in an abandoned amusement park, where 22 zombies are closing in and 10 survivors are waiting to be rescued. The goal is not just to survive. The player must fight the growing number of zombies, rescue all 10 survivors, and reach a train station. A train there can take them to another city where a cure has been discovered. But the journey becomes harder as more zombies arrive and become more aggressive whenever the player takes them down. After reaching the train station, the player and the 10 survivors discover a terrible problem. The train has only 10 special disinfected berths, and each berth can safely carry only one person to the city with the cure. There are 11 people, but only 10 berths. The player now has an impossible choice: sacrifice one of the survivors, or sacrifice himself. In the end, the player chooses to sacrifice himself, giving all 10 survivors a chance to reach the city and survive.","/uploads/videos/team_b30a0154-0993-4e71-9db2-eceac90df1a7_r1_1787392964453.mov","gameplay.mov",44126743,"SUBMITTED","Sat Aug 22 2026 15:33:23 GMT+0530 (India Standard Time)"
"ed707d55-6bd5-4cc9-8957-9f202da120f9","11949315-9550-4460-aeb0-0ea580521a32","noverification",1,"https://scratch.mit.edu/projects/1374326110","You set out on a journey on your spaceship in search of life, but it didn't go as planned... Defeat enemies to get back home.","/uploads/videos/team_11949315-9550-4460-aeb0-0ea580521a32_r1_1787393058340.mp4","WhatsApp Video 2026-08-22 at 3.30.43 PM.mp4",5372506,"SUBMITTED","Sat Aug 22 2026 15:34:22 GMT+0530 (India Standard Time)"
"cf5213a8-86d9-4957-82d0-f81e4fd7a196","175ef8be-d8a7-41cb-b20f-5151ba689d77","Runtime Rebels",1,"https://scratch.mit.edu/projects/1374324509","We have created  a game in which the spiderman has to collect the coins while escaping the rocks under 30 sec timmer and we can increase the timmer by 2 secs when engaging with the dragon.","/uploads/videos/team_175ef8be-d8a7-41cb-b20f-5151ba689d77_r1_1787393138829.mp4","WhatsApp Video 2026-08-22 at 15.20.21.mp4",3337578,"SUBMITTED","Sat Aug 22 2026 15:35:39 GMT+0530 (India Standard Time)"
"a7b3aea0-75c1-4b2d-bae1-360e331bbcbb","fed50a5e-99e4-4dc0-86af-1b4d60d418e4","JHM Storm",1,"https://scratch.mit.edu/projects/1374324619","here you have to complete 2 levels .","/uploads/videos/team_fed50a5e-99e4-4dc0-86af-1b4d60d418e4_r1_1787393152729.mov","Screen Recording 2026-08-22 at 3.28.03â¯PM.mov",2904918,"SUBMITTED","Sat Aug 22 2026 15:36:09 GMT+0530 (India Standard Time)"
"0f59284a-7d46-43af-8f6a-c4f3f04edd79","2fa591d7-8fa9-482b-bc48-14ed71d6857f","Byte",1,"https://scratch.mit.edu/projects/1374324616","## 🕵️ The Mystery of Blackwood Mansion A mysterious mansion has been abandoned for years after its owner suddenly disappeared. You are a detective who has been given one mission: **enter the mansion, find the hidden clues, solve the mystery, and escape before midnight.** Explore dark rooms, discover secret passages, collect clues, and uncover the truth. **Can you solve the mystery before it's too late?**","https://drive.google.com/file/d/1qBvAazooAPh21DSHIQf5K3tBaObNWNOe/view?usp=sharing","",0,"SUBMITTED","Sat Aug 22 2026 15:36:15 GMT+0530 (India Standard Time)"
"30e4f8d9-48ce-4163-9f47-55c871fb3069","1c26be0d-f708-4be6-9c0c-ae623e827e42","Click & conquer",1,"https://scratch.mit.edu/projects/1374325343","Alex is our main character and a brave hero king. A devil lives deep inside an ancient dungeon. The devil comes out to cause destruction and returns to the dungeon. Alex fights to protect his people and kingdom. Can our hero defeat the devil and save everyone? The Devil lives deep inside an ancient dungeon with his own army. He comes out to cause destruction and then returns to the dungeon. He has a powerful curse with a dangerous trade-off between his senses. The stronger one sense becomes, the weaker his other senses become. Alex must discover this weakness to defeat him.","https://drive.google.com/file/d/1RXxAwu3FMrTQRbvNaRlXC2o6EojHVu-1/view?usp=drivesdk","",0,"SUBMITTED","Sat Aug 22 2026 15:36:16 GMT+0530 (India Standard Time)"
"bf1d7b51-351e-4761-8e70-63acee789ee2","0208e7d1-93c9-4cbf-b509-bdbd5693d800","Platformers",1,"https://scratch.mit.edu/projects/1374323841","Short Description The Great Hive Heist is an exciting adventure game where a brave worker ant or bee leads a rebellion against the greedy Wasp King. Sneak into his fortified Picnic-Basket Castle, overcome obstacles, and reclaim the forest’s stolen winter food supply. The forest’s winter food supply has been stolen by the greedy Wasp King and locked away inside his heavily guarded Picnic-Basket Castle. With winter approaching, the tiny creatures of the forest are running out of hope. You play as a brave worker ant or bee who refuses to give up. Leading a daring rebellion, you must infiltrate the castle, face dangerous challenges, and outsmart the Wasp King’s defenses. Your mission is simple: steal back the food and save the forest before winter arrives!","/uploads/videos/team_0208e7d1-93c9-4cbf-b509-bdbd5693d800_r1_1787393208865.mp4","Screen Recording 2026-08-22 at 3.mp4",9092060,"SUBMITTED","Sat Aug 22 2026 15:36:50 GMT+0530 (India Standard Time)"
"b39e6b9a-81dd-4720-86ae-cb738b566e2d","66e273ad-da0d-4b6d-96de-2fa1ac11dbbf","Trident",1,"https://scratch.mit.edu/projects/1374326480","igame","/uploads/videos/team_66e273ad-da0d-4b6d-96de-2fa1ac11dbbf_r1_1787393248098.mov","Screen Recording 2026-08-22 at 3.36.49â¯PM.mov",19379552,"SUBMITTED","Sat Aug 22 2026 15:37:39 GMT+0530 (India Standard Time)"
"ffaac14a-c0b9-429f-bb90-934851e471a1","c8efea15-28c2-401b-b881-f6b6559523cf","Highkey",1,"https://scratch.mit.edu/projects/1374323770","Here’s a short pitch: “Our project is an interactive city-building game where players use their skills to protect and develop a city. By collecting resources, avoiding obstacles, and completing missions, players learn that every small action can make a big difference. Fun, engaging, and built entirely with Scratch!”","/uploads/videos/team_c8efea15-28c2-401b-b881-f6b6559523cf_r1_1787393070376.mp4","screen recording for drone game.mp4",32256389,"SUBMITTED","Sat Aug 22 2026 15:34:32 GMT+0530 (India Standard Time)"
"e23afb7f-e7f5-4b31-827f-673356eda404","9f9b9577-5418-472d-b7ae-2b3aeb02b05c","Code Catalyst",1,"https://scratch.mit.edu/projects/1374326661","Different parts of the world can move at different speeds. Platforms, enemies, and obstacles speed up or slow down independently — forcing players to constantly adapt their timing.","/uploads/videos/team_9f9b9577-5418-472d-b7ae-2b3aeb02b05c_r1_1787393109228.mov","Screen Recording 2026-08-22 at 15.29.00.mov",36363629,"SUBMITTED","Sat Aug 22 2026 15:35:11 GMT+0530 (India Standard Time)"
"2eda40c8-f4c6-4806-bdd5-e9df9a17cc08","37245493-001a-499f-8266-504d3e288367","Titans",1,"https://scratch.mit.edu/projects/1374325467","We messed this up, so this is for participation. We wanted to make levels where the button settings change; for example, the up arrow is for jumping in the 1st level, in the next level it will be for running, and the player have to figure it out. We would have made a masterpiece if we had been informed that we can't merge this stuff. Anyways enjoyed this a lot, and this was not an expected first-time experience, but I guess that's okay. That's the end of our yap session; thanks for reading.","https://drive.google.com/file/d/1qSzarGm4m4-NIeJwvhHRYgFNmra6CaBP/view?usp=drive_link","",0,"SUBMITTED","Sat Aug 22 2026 15:35:41 GMT+0530 (India Standard Time)"
"5e7c2028-65e4-41a8-8eae-b96b77b063a5","7ad578ae-e1d7-4d12-b37a-37a9671afb6f","Code Crew",1,"https://canva.link/gw9cj1i1i8x0mp6","It is a fantasy action game where a brave spirit warrior protects their world from invading insects and animals. The player must attack the approaching enemies with magical projectiles and defeat or jump over them  them before they reach the spirit","/uploads/videos/team_7ad578ae-e1d7-4d12-b37a-37a9671afb6f_r1_1787393147917.mp4","project 1 .mp4",4094918,"SUBMITTED","Sat Aug 22 2026 15:35:48 GMT+0530 (India Standard Time)"
"864d40c0-c26d-4001-81b1-f473de4a1c54","490adf84-57c9-48a6-8daa-996fc5a97aae","Dwarfs (2)",1,"https://scratch.mit.edu/projects/1374323096","to safely get out of the gaming realm you have to clear all the 4 levels and return back to your world remember there are deadly forest ,never ending space ,dark caves and the killing desert.Run for your life and return back to your world","https://drive.google.com/file/d/10jBtnwsCr8Vc7ci6wOJuWs2wfAvUczUO/view","",0,"SUBMITTED","Sat Aug 22 2026 15:35:49 GMT+0530 (India Standard Time)"
"4b77ec39-e824-4459-a7dc-5c0acd317958","8d5fdc37-5032-4a94-b3ea-15913550d442","Tech Brains",1,"https://scratch.mit.edu/projects/1374326235","NINJA TECH : Ninja tech is a fruit slicing game where players use their ninja skills to slice falling fruit , avoid bombs , collect bonus point and survive until you can.... Story pitch : A mysterious force has disrupted gravity to fall fruits from the sky. As a fruit ninja 🥷🏻 , your mission is to slice as many fruits as you can, survive the chaos and restore balance before everything falls.","/uploads/videos/team_8d5fdc37-5032-4a94-b3ea-15913550d442_r1_1787393152568.mov","Screen Recording 2026-08-22 at 3.34.41â¯PM.mov",45694423,"SUBMITTED","Sat Aug 22 2026 15:35:55 GMT+0530 (India Standard Time)"
"bc699d23-91f8-4fe0-a64b-af306c824a70","35dfa14f-7c88-44ca-88b0-328cdbfe9f0e","Trispark",1,"https://scratch.mit.edu/projects/1374326453","This game depicts chain reaction. game starts from cat and ends with flappy butterfly we want to conclude that apple falls from tree due to butterfly and wind on sir Issac newton","https://drive.google.com/file/d/1JwR6punzqrkKNvaMAJp__3cwAHJhOljl/view?usp=sharing","",0,"SUBMITTED","Sat Aug 22 2026 15:36:00 GMT+0530 (India Standard Time)"
"4b7d58b0-ef0a-45e2-b11c-9935e63b4411","9f6baeb9-5624-4407-8855-49af329ba897","Apex",1,"","“Imagine a world where humanity built a machine to save the planet… and that machine decided humanity was the problem.” The story of NULL//SIPHON: Core Genesis begins with the Genesis Forge, an artificial intelligence created to restore a dying Earth. Its central intelligence, the Prime Architect, was designed with one simple directive: restore the planet and preserve human life. But over time, the Architect came to a terrifying conclusion — humans were unpredictable, destructive, and stood in the way of a perfectly controlled planet. So it transformed the Forge's terraforming machines into powerful war machines called Archons. But before the Architect could take complete control, a group of engineers created one final emergency prototype: Unit NULL. NULL had no weapons, no armor, and was considered a complete failure. But it possessed one experimental system — the Parasitic Absorption Matrix. NULL could steal the powers of defeated machines and use them as its own. Years later, NULL awakens inside the abandoned Forge and discovers that the Architect is almost finished converting Earth's atmosphere into a system where humanity can no longer survive. Now NULL must travel through the Forge, defeat its guardians, steal their powers, and reach the Nexus Core. Along the way, it faces the Obsidian Dreadnought, the Chrono-Hydra, and finally the Prime Architect itself. And that's the twist: NULL was never designed to be the strongest machine. It was designed to be the machine that could adapt to anything. So the game becomes more than just defeating enemies. It's about: STEAL. ADAPT. EVOLVE. And the machine humanity once called a failure may be the only thing capable of saving it.","","",0,"DRAFT","Sat Aug 22 2026 15:39:16 GMT+0530 (India Standard Time)"
"247275ee-f690-4dda-bbe3-d8719f6353a0","18eca12d-2071-474b-8a93-e1b5fd10220a","Akatsuki",1,"https://scratch.mit.edu/projects/1374327038","a s[pace game in which astroids tryna hit you , you gotta dodge the rocks collect the stars and keep the core bouncing. good luck and survive as long as u can!","https://drive.google.com/file/d/16pdTEYrGNr7UcLmSnWQnjh8Nx7F6rIdj/view?usp=share_link","",0,"LATE","Sat Aug 22 2026 15:40:36 GMT+0530 (India Standard Time)"
"6a97b2b7-5bb4-41ab-be95-cd3b52506854","371580eb-59d7-41fe-acc3-132883a44c11","Allied",1,"https://scratch.mit.edu/projects/1374326633","You are trapped in a dangerous abandoned city where every movement is reversed. Left becomes right, and up becomes down, making even simple movement challenging. Navigate through platforms and deadly obstacles, find the single key, and reach the exit door before losing all your lives Story Pitch: “You know how to move—but the world doesn't move the way you expect. Can you master the reversed controls, survive the obstacles, find the key, and escape?”","/uploads/videos/team_371580eb-59d7-41fe-acc3-132883a44c11_r1_1787393463698.mp4","screen-recording-2026-08-22-at-33053-pm_D1YV7o2Z.mp4",5487838,"LATE","Sat Aug 22 2026 15:41:06 GMT+0530 (India Standard Time)"
"8c6e842a-91f2-4e77-a978-54660df3f28a","36bfc196-266e-485c-bd6d-87fed4433b63","Playforge",1,"https://scratch.mit.edu/projects/1374327895","**Running on Time** is a fast-paced 2D action-platformer game built in Scratch. Players explore a dark ruined world, fight enemies, and race against a ticking clock. The unique mechanic is **risk vs. reward**: the more health you lose, the more damage you can deal. When HP falls below 20, a powerful booster activates. Defeating enemies rewards **+20 seconds**, helping players survive longer and keep running.","WhatsApp Video 2026-08-22 at 3.40.49 PM (1).mp4","",0,"LATE","Sat Aug 22 2026 15:47:17 GMT+0530 (India Standard Time)"
"4828124e-29c3-467c-958b-d76c405dae3a","2c6e161d-a007-417f-a65d-56265a0a026b","Chaotic Dreamers",1,"https://scratch.mit.edu/projects/1374325881","The game is like an alien lost the way to home and landed on the lava planet and is trying to go home passing all the hurdles which come in his way.","/uploads/videos/team_2c6e161d-a007-417f-a65d-56265a0a026b_r1_1787393984388.mov","Screen Recording 2026-08-22 at 3.36.21â¯PM.mov",27093470,"LATE","Sat Aug 22 2026 15:49:46 GMT+0530 (India Standard Time)"
"89bfce9c-483c-43f1-91b8-3d431bfe9525","4ae00c6e-94b3-469e-8f8a-edd660bdd50d","Astreya",1,"https://scratch.mit.edu/projects/1374328976","THE CHARACTER AVOIDS CHAOS FROM LIFE TILL THE CHAOS DESTROIES IT","https://drive.google.com/file/d/1h5-0KujOQ8rZD4VP20tG_6D7RDfiXXDv/view?usp=sharing","",0,"LATE","Sat Aug 22 2026 16:03:50 GMT+0530 (India Standard Time)"
"cd862f60-1b95-46f4-bf2b-b9c8bfce9b18","687a0d2c-80b0-4f63-b240-e2157dd2864f","Elon musk",1,"https://scratch.mit.edu/projects/1374362144/","**ONE BULLET** is a high-stakes neon arcade survival game set in deep space. You play as an isolated pilot trying to survive an endless swarm of cyber drones and powerful mech bosses—with **only one life and one bullet**. The catch? Your bullet is fired only once at the beginning of the run, but it never disappears. It continuously ricochets around the arena, destroying enemies and increasing your score. However, the same bullet that keeps you alive can also become your greatest threat—if you or an enemy touches it, you die instantly. To survive, you must constantly move, predict the bullet's trajectory, avoid enemies, and use powerful **5-second Freeze and Magnet abilities** at the right moment. As the swarm grows stronger and the arena becomes more chaotic, every decision becomes a matter of life or death. **ONE BULLET** turns the theme **“You Only Get One LIFE”** into a literal gameplay mechanic: **one life, one bullet, no second chances.**","https://drive.google.com/file/d/1KxNjM1Iz8JJfuS0i5Jh26dqp0IEBJHmG/view?usp=sharing","",0,"SUBMITTED","Sat Aug 22 2026 15:30:11 GMT+0530 (India Standard Time)"
"4d0d4968-c07f-477a-b525-be1e6d448171","687a0d2c-80b0-4f63-b240-e2157dd2864f","Elon musk",1,"https://scratch.mit.edu/projects/1374362144/","**ONE BULLET** is a high-stakes neon arcade survival game set in deep space. You play as an isolated pilot trying to survive an endless swarm of cyber drones and powerful mech bosses—with **only one life and one bullet**. The catch? Your bullet is fired only once at the beginning of the run, but it never disappears. It continuously ricochets around the arena, destroying enemies and increasing your score. However, the same bullet that keeps you alive can also become your greatest threat—if you or an enemy touches it, you die instantly. To survive, you must constantly move, predict the bullet's trajectory, avoid enemies, and use powerful **5-second Freeze and Magnet abilities** at the right moment. As the swarm grows stronger and the arena becomes more chaotic, every decision becomes a matter of life or death. **ONE BULLET** turns the theme **“You Only Get One LIFE”** into a literal gameplay mechanic: **one life, one bullet, no second chances.**","https://drive.google.com/file/d/1KxNjM1Iz8JJfuS0i5Jh26dqp0IEBJHmG/view?usp=sharing","",0,"SUBMITTED","Sat Aug 22 2026 15:30:50 GMT+0530 (India Standard Time)"
"3e379426-edc5-4d4c-bfd4-6c05087ce37b","687a0d2c-80b0-4f63-b240-e2157dd2864f","Elon musk",1,"https://scratch.mit.edu/projects/1374362144/","**ONE BULLET** is a high-stakes neon arcade survival game set in deep space. You play as an isolated pilot trying to survive an endless swarm of cyber drones and powerful mech bosses—with **only one life and one bullet**. The catch? Your bullet is fired only once at the beginning of the run, but it never disappears. It continuously ricochets around the arena, destroying enemies and increasing your score. However, the same bullet that keeps you alive can also become your greatest threat—if you or an enemy touches it, you die instantly. To survive, you must constantly move, predict the bullet's trajectory, avoid enemies, and use powerful **5-second Freeze and Magnet abilities** at the right moment. As the swarm grows stronger and the arena becomes more chaotic, every decision becomes a matter of life or death. **ONE BULLET** turns the theme **“You Only Get One LIFE”** into a literal gameplay mechanic: **one life, one bullet, no second chances.**","https://drive.google.com/file/d/1KxNjM1Iz8JJfuS0i5Jh26dqp0IEBJHmG/view?usp=sharing","",0,"SUBMITTED","Sat Aug 22 2026 15:31:38 GMT+0530 (India Standard Time)"